Col1,Col2,Col3,Col4,Col5,Col6,Col7,Col8,Col9,Col10,Col11,Col12,Col13,Remove,Header,OverrideSection,SubsectionName,SubsectionValue,Unit,OverrideSource,FirstYearInSequence
,SAR Baseline,Current APB Development,Current Estimate,,,,,,,,,,TRUE,CostSummaryQuantity,,,,,,
Quantity,Dev Est,,,,,,,,,,,,TRUE,CostSummaryQuantity,,,,,,
Total Acquisition Cost and Quantity - MISSILE,,,,,,,,,,,,,TRUE,,Missile,,,,,
,BY 2004 $M,,,BY2004,TY $M,,,,,,,,TRUE,CostSummaryCost2004,,,,,,
,,,,$M,,,,,,,,,TRUE,CostSummaryCost2004,,,,,,
Appropriation,SAR Baseline Dev Est,Current APB Development Objective/Threshold,,Current Estimate,,,,,,,,,TRUE,CostSummaryCost2004,,,,,,
,,,,,SAR Baseline Dev Est,Current APB Development Objective,Current Estimate,,,,,,TRUE,CostSummaryCost2004,,,,,,
Total Acquisition Cost and Quantity - FIRE UNIT,,,,,,,,,,,,,TRUE,,FireUnit,,,,,
Cost Summary,,,,,,,,,,,,,TRUE,Cost Summary,,,,,,
Total Acquisition Cost and Quantity - Total Program,,,,,,,,,,,,,TRUE,,TotalProgram,,,,,
Appropriation,SAR Baseline Dev Est,Current APB Objective/Threshold,,Current Estimate,,,,,,,,,TRUE,CostSummaryCost2004,,,,,,
Quantity,SAR Baseline Dev Est,Current APB Development,Current Estimate,,SAR Baseline Dev Est,Current APB Objective,Current Estimate,,,,,,TRUE,CostSummaryCost2004,,,,,,
Quantity,SAR Baseline Dev Est,Current APB Development,Current Estimate,,,,,,,,,,TRUE,CostSummaryQuantity,,,,,,
Appropriation,SAR Baseline Dev Est,Current APB Development Objective/Threshold,Current Estimate,,SAR Baseline Dev Est,Current APB Development Objective ,Current Estimate,,,,,,TRUE,CostSummaryCost2004,,,,,,
,BY2004 $M,,,,TY $M,,,,,,,,TRUE,CostSummaryCost2004,,,,,,
Appropriation,SAR Baseline Dev Est,Current APB Development Objective/Threshold,,Current Estimate,SAR Baseline Dev Est,Current APB Development Objective ,Current Estimate,,,,,,TRUE,CostSummaryCost2004,,,,,,
Total Acquisition Cost and Quantity - Fire Unit,,,,,,,,,,,,,TRUE,,FireUnit,,,,,
Total Acquisition Cost and Quantity - Missile,,,,,,,,,,,,,TRUE,,Missile,,,,,
,,,,,SAR Baseline Dev Est,Current APB Objective,Current Estimate,,,,,,TRUE,CostSummaryCost2004,,,,,,
Unit Cost - FIRE UNIT,,,,,,,,,,,,,TRUE,,FireUnit,,,,,
Unit Cost Report,BY 2004 $M ,BY 2004 $M,,,,,,,,,,,TRUE,,,,,,,
Unit Cost,Current UCR Baseline (AUG 2004 APB),Current Estimate (DEC 2011 SAR),BY % Change,,,,,,,,,,TRUE,UnitCostCurrentDec2011SAR2004AugAPB,,,,,,
,BY 2004 $M ,BY 2004 $M,,,,,,,,,,,TRUE,,,,,,,
,BY 2004 $M ,BY 2004 $M,,,,,,,,,,,TRUE,,,,,,,
Unit Cost,Original UCR Baseline (APR 2004 APB),Current Estimate (DEC 2011 SAR),BY % Change,,,,,,,,,,TRUE,UnitCostOriginalDec2011SAR2004AprAPB,,,,,,
"Unit Cost History, FIRE UNIT",,,,,,,,,,,,,TRUE,,FireUnit,,,,,
,,BY 2004 $M,,TY $M,,,,,,,,,TRUE,UnitCostHistory2004,,,,,,
,Date,PAUC,APUC,PAUC,APUC,,,,,,,,TRUE,,,,,,,
SAR Unit Cost History ,Changes ,NA,NA,NA,NA,NA,NA,NA,NA,,,,TRUE,,,,,,,
Current SAR Baseline to Current Estimate (TY $M),Econ,Qty,Sch,Eng,Est,Oth,Spt,Total ,NA,,,,TRUE,,,,,,,
SAR Unit Cost History ,Changes ,NA,NA,NA,NA,NA,NA,NA,PAUC Current Est,,,,TRUE,UnitCostBreakdownPAUC,,,,,,
NA,Changes ,NA,NA,NA,NA,NA,NA,NA,APUC Current Est,,,,TRUE,UnitCostBreakdownAPUC,,,,,,
SAR Baseline History ,NA,NA,NA,NA,,,,,,,,,TRUE,BaselineHistory,,,,,,
Item/Event,SAR Planning Estimate (PE) ,SAR Development Estimate (DE),SAR Production Estimate (PdE),Current Estimate,,,,,,,,,TRUE,BaselineHistory,,,,,,
Unit Cost - MISSILE,,,,,,,,,,,,,TRUE,,Missile,,,,,
Unit Cost,Current UCR Baseline (MAR 2004 APB),Current Estimate (DEC 2011 SAR),BY % Change,,,,,,,,,,TRUE,UnitCostCurrentDec2011SAR2004MarAPB,,,,,,
Unit Cost,Original UCR Baseline (AUG 2004 APB),Current Estimate (DEC 2011 SAR),BY % Change,,,,,,,,,,TRUE,UnitCostOriginalDec2011SAR2004AugAPB,,,,,,
Program Acquisition Unit Cost (PAUC),NA,NA,NA,,,,,,,,,,TRUE,,,UCmetric,Program Acquisition Unit Cost (PAUC),,,
Average Procurement Unit Cost (APUC),NA,NA,NA,MEADS,2011-12,FireUnit,,,,,,,TRUE,,,UCmetric,Average Procurement Unit Cost (APUC),,,
"Unit Cost History, MISSILE",NA,NA,NA,NA,NA,,,,,,,,TRUE,,Missile,,,,,
Initial PAUC Dev Est,NA,NA,NA,NA,NA,NA,NA,NA,NA,,,,TRUE,UnitCostBreakdownPAUC,,,,,,
"Fire Unit, Unit Cost Report",NA,NA,NA,NA,NA,NA,,,,,,,TRUE,,FireUnit,,,,,
NA,BY2002 $M,NA,NA,,,,,,,,,,TRUE,,,,,,,
Unit Cost,Current UCR Baseline (AUG 2004 APB),Current Estimate (DEC 2013 SAR),BY % Change,,,,,,,,,,TRUE,UnitCostCurrentDec2013SAR2004AugAPB,,,,,,
Unit Cost,Original UCR Baseline (AUG 2004 APB),Current Estimate (DEC 2013 SAR),BY % Change,,,,,,,,,,TRUE,UnitCostOriginalDec2013SAR2004AugAPB,,,,,,
"Missile, Unit Cost Report",,,,,,,,,,,,,TRUE,,Missile,,,,,
Fire Unit,NA,NA,NA,NA,NA,,,,,,,,TRUE,,FireUnit,,,,,
NA,NA,BY2004 $M,NA,TY $M,NA,,,,,,,,TRUE,,,,,,,
SAR Unit Cost History ,NA,NA,NA,NA,NA,NA,NA,NA,NA,,,,TRUE,,,,,,,
Current SAR Baseline to Current Estimate (TY$M),NA,NA,NA,NA,NA,NA,NA,NA,NA,,,,TRUE,,,,,,,
Initial PAUC Dev Est,Changes ,NA,NA,NA,NA,NA,NA,NA,PAUC Current Est,,,,TRUE,UnitCostBreakdownPAUC,,,,,,
NA,Econ,Qty,Sch,Eng,Est,Oth,Spt,Total ,NA,,,,TRUE,,,,,,,
NA,Econ,Qty,Sch,Eng,Est,Oth,Spt,Total,NA,,,,TRUE,,,,,,,
Initial APUC Dev Est,Changes ,NA,NA,NA,NA,NA,NA,NA,APUC Current Est,,,,TRUE,UnitCostBreakdownAPUC,,,,,,
APB Unit Cost History,NA,NA,NA,NA,NA,,,,,,,,TRUE,,,,,,,
NA,NA,BY2000 $M,NA,TY $M,NA,,,,,,,,TRUE,UnitCostHistory2000,,,,,,
Current SAR Baseline to Current Estimate (TY $M),NA,NA,NA,NA,NA,NA,NA,NA,NA,,,,TRUE,,,,,,,
Initial PAUC Dev Est,Changes,NA,NA,NA,NA,NA,NA,NA,PAUC Current Est,,,,TRUE,UnitCostBreakdownPAUC,,,,,,
Current SAR Baseline to Current Estimate (TY $M),NA,NA,NA,NA,NA,NA,NA,NA,NA,,,,TRUE,,,,,,,
Initial APUC Dev Est,Changes,NA,NA,NA,NA,NA,NA,NA,PAUC Current Est,,,,TRUE,UnitCostBreakdownAPUC,,,,,,
Unit Cost - F-35 Aircraft ,NA,NA,NA,NA,,,,,,,,,TRUE,,Aircraft,,,,,
Unit Cost Report,BY 2012 $M ,BY 2012 $M,NA,,,,,,,,,,TRUE,,,,,,,
Unit Cost,Current UCR Baseline (JUN 2014 APB),Current Estimate (DEC 2015 SAR),BY % Change,,,,,,,,,,TRUE,UnitCostCurrent2015DecSAR2014JunAPB,,,,,,
NA,BY 2012 $M ,BY 2012 $M,NA,,,,,,,,,,TRUE,,,,,,,
Unit Cost,Revised Original UCR Baseline (MAR 2012 APB),Current Estimate (DEC 2015 SAR),BY % Change,,,,,,,,,,TRUE,UnitCostRevisedOriginal2015DecSAR2012MarAPB,,,,,,
"Unit Cost History, F-35 Aircraft",NA,NA,NA,NA,NA,,,,,,,,TRUE,,Aircraft,,,,,
NA,NA,BY 2012 $M,NA,TY $M,NA,,,,,,,,TRUE,UnitCostHistory2012,,,,,,
Unit Cost - F-35 Engine,NA,NA,NA,,,,,,,,,,TRUE,,Engine,,,,,
Unit Cost,Original UCR Baseline (MAR 2012 APB),Current Estimate (DEC 2015 SAR),BY % Change,,,,,,,,,,TRUE,UnitCostOriginal2015DecSAR2012MarAPB,,,,,,
Initial APUC Dev Est,NA,NA,NA,NA,NA,NA,NA,NA,NA,,,,TRUE,UnitCostBreakdownAPUC,,,,,,
Average Procurement Unit Cost (APUC),NA,NA,NA,NA,,,,,,,,,FALSE,,,UCmetric,Average Procurement Unit Cost (APUC),,,
"Unit Cost History, F-35 Engine ",,,,,,,,,,,,,TRUE,,Engine,,,,,
Expenditure to date,NA,NA,NA,,,,,,,,,,TRUE,NAOexpenditureToDate,,,,,,
Description,Previous expenditure to 31 March 2014 (£m),In-year expenditure (£m),Total expenditure to 31 March 2015 (£m),,,,,,,,,,TRUE,NAOexpenditureToDate,,,,,,
Cost of Assessment Phase,NA,NA,NA,,,,,,,,,,TRUE,,,,,,,
Project/Increment Name,Approved Cost (£m),Actual /Forecast Cost,Variation (£m),,,,,,,,,,TRUE,CostOfAssessmentPhase,,,,,,
Cost Boundaries for Demonstration and Manufacture Phase / PFI,NA,NA,NA,,,,,,,,,,TRUE,CostBoundariesforDemonstrationManufacturePhase,,,,,,
Project/Increment Name,Lowest Approved (£m),Budgeted For (£m),Highest Approved (£m),,,,,,,,,,TRUE,CostBoundariesforDemonstrationManufacturePhase,,,,,,
Cost of the Demonstration and Manufacture Phase,NA,NA,NA,NA,,,,,,,,,TRUE,CostOfDemonstrationManufacturePhaseWide,,,,,,
Project/Increment Name,Budgeted for Cost (£m),Forecast cost (£m),Variation (£m),In-Year Variation (£m),,,,,,,,,TRUE,CostOfDemonstrationManufacturePhaseWide,,,,,,
Cost Variation against approved Cost of the Demonstration & Manufacture Phase,NA,NA,NA,,,,,,,,,,TRUE,CostVariationVsApproveCostForDemonstrationManufacturePhase,,,,,,
Date,Variation (£m),Category,Reason for Variation,,,,,,,,,,TRUE,,,,,,,
In Service Support,NA,NA,NA,,,,,,,,,,TRUE,InServiceSupport,,,,,,
Cost of the assessment phase,NA,,,,,,,,,,,,TRUE,,,,,,,
£m (outturn prices),Assessment phase cost,,,,,,,,,,,,TRUE,CostOfAssessmentPhaseShort,,,,,,
Description,Previous expenditure to 31 March 2013 (£m),In-year expenditure (£m),Total expenditure to 31 March 2014 (£m),,,,,,,,,,TRUE,NAOexpenditureToDate,,,,,,
Cost of the Assessment Phase,NA,NA,NA,,,,,,,,,,TRUE,,,,,,,
Description,Previous expenditure to 31 March 2013 (£m),In-year expenditure (£m),Total expenditure to 31 March 2014 (£m),,,,,,,,,,TRUE,NAOexpenditureToDate,,,,,,
Actual cost boundaries for Demonstration and Manufacture Phase / PFI,NA,NA,NA,,,,,,,,,,TRUE,CostBoundariesforDemonstrationManufacturePhase,,,,,,
Description,Previous expenditure to 31 March 2012 (£m),In-year expenditure (£m),Total expenditure to 31 March 2013 (£m),,,,,,,,,,TRUE,NAOexpenditureToDate,,,,,,
Cost variation against approved cost of the Demonstration and Manufacture Phase,NA,NA,NA,,,,,,,,,,TRUE,CostVariationVsApproveCostForDemonstrationManufacturePhase,,,,,,
Project/Increment Name,Approved Cost (£m),Actual /Forecast Cost,Variation (£m),Approved cost as a proportion of total estimated procurement expenditure (%),Actual Cost as a proportion of total estaitmed procurement expenditure (%),,,,,,,,TRUE,CostOfAssessmentPhaseLong,,,,,,
Project/Increment Name,Approved Cost (£m),Actual /Forecast Cost,Variation (£m),Post-Main Investment,NA,,,,,,,,TRUE,CostOfAssessmentPhaseLong,,,,,,
NA,NA,NA,NA,Approved cost as a proportion of total estimated procurement expenditure (%),Actual Cost as a proportion of total estaitmed procurement expenditure (%),,,,,,,,TRUE,CostOfAssessmentPhaseLong,,,,,,
Description,Previous expenditure to 31 March 2011 (£m),In-year expenditure (£m),Total expenditure to 31 March 2012 (£m),,,,,,,,,,TRUE,NAOexpenditureToDate,,,,,,
Planned/Actual Cost Boundaries for Demonstration and Manufacture Phase / PFI,NA,NA,NA,,,,,,,,,,TRUE,CostBoundariesforDemonstrationManufacturePhase,,,,,,
Project/Increment Name,Lowest Forecast / Approved (£m),Budgeted For (Post-Main Investment Decisions Projects only) (£m),Highest Forecast / Approved (£m),,,,,,,,,,TRUE,CostBoundariesforDemonstrationManufacturePhase,,,,,,
Description,Previous expenditure to 31 March 2010 (£m),In-year expenditure (£m),Total expenditure to 31 March 2011 (£m),,,,,,,,,,TRUE,NAOexpenditureToDate,,,,,,
Cost Variation against approved Cost of the Demonstration and Manufacture Phase,NA,NA,NA,,,,,,,,,,TRUE,CostVariationVsApproveCostForDemonstrationManufacturePhase,,,,,,
Description,Approved Cost (£m),Actual /Forecast Cost,Variation (£m),Post-Main Investment Decision Projects only,,,,,,,,,TRUE,CostOfAssessmentPhaseLong,,,,,,
Planned / Actual cost boundaries for Demonstration and Manufacture Phase / PFI,NA,NA,NA,,,,,,,,,,TRUE,CostBoundariesforDemonstrationManufacturePhase,,,,,,
Description,Lowest Forecast / Approved,Budgeted For (Post-Main Investment Decision Projects only),Highest Forecast / Approved,,,,,,,,,,TRUE,CostBoundariesforDemonstrationManufacturePhase,,,,,,
Description,Approved Cost (£m),Actual /Forecast Cost,Variation (£m),In-Year Variation (£m),,,,,,,,,TRUE,,,,,,,
Date,Variation (£m),Factor,Reason for Variation,,,,,,,,,,TRUE,,,,,,,
Unit Production Cost,NA,NA,NA,NA,,,,,,,,,TRUE,,,,,,,
Description,Unit production costs (£m),NA,Quantities Required,NA,,,,,,,,,TRUE,NAOunitProductionCost,,,,,,
NA,At Main Investment Decision,Currently,At Main Investment Decision,Currently,,,,,,,,,TRUE,NAOunitProductionCost,,,,,,
Description,Previous expenditure to 31 March 2009,In-year expenditure,Total expenditure to 31 March 2010,,,,,,,,,,TRUE,NAOexpenditureToDate,,,,,,
Unit production cost,NA,NA,NA,NA,,,,,,,,,TRUE,NAOunitProductionCost,,,,,,
Description,Unit productions costs (£m),NA,Quantities required,NA,,,,,,,,,TRUE,NAOunitProductionCost,,,,,,
NA,At Main Investment Decision,Currently,At Main Investmnet Decision,Currently,,,,,,,,,TRUE,NAOunitProductionCost,,,,,,
Cost Boundaries of the Demonstration and Manufacture (D&M) Phase,NA,NA,NA,NA,,,,,,,,,TRUE,CostOfDemonstrationManufacturePhaseWide,,,,,,
Description ,Approved Cost (£m),Actual /Forecast Cost,Variation (£m),In-Year Variation (£m),,,,,,,,,TRUE,,,,,,,
Cost Variation against approved Cost of the D&M Phase,NA,NA,NA,,,,,,,,,,TRUE,CostVariationVsApproveCostForDemonstrationManufacturePhase,,,,,,
Date,Variation (£m),Factor,Explanation,,,,,,,,,,TRUE,,,,,,,
Planned/Actual Cost Boundaries for Demonstration and Manufacture Phase/PFI,NA,NA,NA,,,,,,,,,,TRUE,CostBoundariesforDemonstrationManufacturePhase,,,,,,
Description ,Lowest Forecast / Approved,Budgeted For (Post-Main Investment Decision Projects only),Highest Forecast / Approved,,,,,,,,,,TRUE,CostBoundariesforDemonstrationManufacturePhase,,,,,,
Unit Production Cost (£m),NA,Quantities Required,NA,,,,,,,,,,TRUE,NAOunitProductionCostShort,,,,,,
at Main Gate,Current,At Main Gate,Current,,,,,,,,,,TRUE,NAOunitProductionCostShort,,,,,,
Performance against approved  cost,NA,,,,,,,,,,,,TRUE,CostOfDemonstrationManufacturePhaseLong,,,,,,
£m (outturn prices),Procurement Cost,,,,,,,,,,,,TRUE,CostOfDemonstrationManufacturePhaseLong,,,,,,
Reason for variaion from approved ,NA,NA,NA,,,,,,,,,,TRUE,CostVariationVsApproveCostForDemonstrationManufacturePhase,,,,,,
Date,Variation (£m) ,Factor,Explanation,,,,,,,,,,TRUE,CostVariationVsApproveCostForDemonstrationManufacturePhase,,,,,,
Reasons for variation from approved cost,NA,NA,NA,,,,,,,,,,TRUE,,,,,,,
Factor,Variation (£m),Factor,Explanation,,,,,,,,,,TRUE,CostVariationVsApproveCostForDemonstrationManufacturePhase,,,,,,
Performance against approved cost,NA,,,,,,,,,,,,TRUE,CostOfDemonstrationManufacturePhaseLong,,,,,,
at Main Gate,Current,at Main Gate,Current,,,,,,,,,,TRUE,NAOunitProductionCostShort,,,,,,
Factor,Increase £m,Decrease £m,Explanation,,,,,,,,,,TRUE,CostVariationVsApproveCostForDemonstrationManufacturePhaseSplit,,,,,,
Performance against approved costs,NA,,,,,,,,,,,,TRUE,CostOfDemonstrationManufacturePhaseLong,,,,,,
£m (outturn prices) Procurement Cost,Procurement Cost,,,,,,,,,,,,TRUE,CostOfDemonstrationManufacturePhaseLong,,Account,Procurement,,,
"RDT&E, Defense-Wide, Advances Component Development and Prorotypes (ACD&P)",NA,NA,NA,NA,NA,NA,NA,NA,NA,NA,NA,,TRUE,,,BudgetAccount,"RDT&E, Defense-Wide, Advances Component Development and Prorotypes (ACD&P)",,,
PB 2011 Missile Defense Agency ,NA,NA,NA,NA,NA,NA,NA,NA,NA,NA,NA,,TRUE,,,,,,,
SM-3 Block IIA Co-Development ,NA,NA,NA,NA,NA,NA,NA,NA,NA,NA,NA,,TRUE,,,,,,,
Cost ($ in Millions),FY 2009 Actual,FY 2010 Estimate,FY 2011 Base Estimate,FY 2011 OCO Estimate,FY 2011 Total Estimate,FY 2012 Estimate,FY 2013 Estimate,FY 2014 Estimate,FY 2015 Estimate,Cost To Complete,Total Cost,,TRUE,FYDPcostOCO,,,,,,2009
PB 2012 Missile Defense Agency ,,,,,,,,,,,,,TRUE,,,,,,,
Cost ($ in Millions),FY 2010,FY 2011,FY 2012 Base,FY 2012 OCO,FY 2012 Total,FY 2013,FY 2014,FY 2015,FY 2016,Cost To Complete,Total Cost,,TRUE,FYDPcostOCO,,,,,,2010
"Exhibit R-2, RDT&E Budget Item Jusitification: PB 2013 Missile Defense Agency",,,,,,,,,,,,,TRUE,,,Account,RDT&E,,,
Appropriation/Budget Activity,,,,,R-1 Item Nomenclature,,,,,,,,TRUE,,,,,,,
"0400: Research, Development, Test & Evaluation, Defense-Wide / BA 4: Advanced Component Development & Prototypes",,,,,PE 0604881C / Aegis SM-3 Block IIA Co-Development,,,,,,,,TRUE,,PE 0604881C Aegis SM-3 Block IIA Co-Development,,,,,
COST ($ in Millions),FY 2011,FY 2012,FY 2013 Base,FY 2013 OCO,FY 2013 Total,FY2014,FY2015,FY 2016,FY 2017,Cost To Complete,Total Cost,,TRUE,FYDPcostOCO,,,,,,2011
"Exhibit R-2, RDT&E Budget Item Jusitification: PB 2014 Missile Defense Agency",,,,,,,,,,,,,TRUE,,,Account,RDT&E,,,
COST ($ in Millions),All Prior Years,FY2012,FY 2013,FY 2014 Base,FY 2014 OCO,FY2014,FY2015,FY 2016,FY 2017,FY 2018,Cost To Complete,Total Cost,TRUE,FYDPcostPriorOCO,,,,,,
"Exhibit R-2, RDT&E Budget Item Jusitification: PB 2015 Missile Defense Agency",,,,,,,,,,,,,TRUE,,,Account,RDT&E,,,
Appropriation/Budget Activity,,,,,R-1 Program Element (Number/Name),,,,,,,,TRUE,,,,,,,
"0400: Research, Development, Test & Evaluation, Defense-Wide / BA 4: Advanced Component Development & Prototypes (ACD&P)",,,,,PE 0604881C / Aegis SM-3 Block IIA Co-Development,,,,,,,,TRUE,,PE 0604881C Aegis SM-3 Block IIA Co-Development,,,,,
COST ($ in Millions),Prior Years,FY 2013,FY 2014,FY 2015 Base,FY 2015 OCO #,FY 2015 Total,FY 2016,FY 2017,FY 2018,FY 2019,Cost To Complete,Total Cost,TRUE,FYDPcostPriorOCO,,,,,,
Missile,NA,NA,NA,NA,NA,,,,,,,,TRUE,,Missile,,,,,
Cost Variance - MISSILE,NA,NA,NA,NA,,,,,,,,,TRUE,,Missile,,,,,
Cost Variance Summary ,NA,NA,NA,NA,,,,,,,,,TRUE,,,,,,,
Summary Then Year $M,NA,NA,NA,NA,,,,,,,,,TRUE,,,,,Then Year $M,,
NA,RDT&E,Proc,MILCON,Total,,,,,,,,,TRUE,CostVarianceAccount,,,,,,
Cost Variance - FIRE UNIT,NA,NA,NA,NA,,,,,,,,,TRUE,,FireUnit,,,,,
Summary Base Year 2004 $M,NA,NA,NA,NA,,,,,,,,,TRUE,,,,,Base Year 2004 $M,,
RDT&E,$M,NA,,,,,,,,,,,TRUE,,,Account,RDT&E,,,
Current Change Explanations,Base Year,Then Year,,,,,,,,,,,TRUE,CostVarianceDetail,,,,,,
Summary Base Year 2002 $M,,,,,,,,,,,,,TRUE,,,,,Base Year 2002 $M,,
Previous Changes,NA,NA,NA,NA,,,,,,,,,TRUE,,,History,Previous Changes,,,
Current Changes,NA,NA,NA,NA,,,,,,,,,TRUE,,,History,Current Changes,,,
Procurement,$M,NA,,,,,,,,,,,TRUE,,,Account,Procurement,,,
Current Change Explanations,Year,Year,,,,,,,,,,,TRUE,,,History,Current Change Explanations,,,
NA,Base,Then,,,,,,,,,,,TRUE,CostVarianceDetail,,,,,,
Summary Base Year 2012 $M,NA,NA,NA,NA,NA,NA,,,,,,,TRUE,,,,,Base Year 2012 $M,,
Cost Variance - F-35 Aircraft ,NA,NA,NA,NA,NA,,,,,,,,TRUE,,Aircraft,,,,,
Cost Variance - F-35 Engine ,NA,NA,NA,NA,NA,,,,,,,,TRUE,,Engine,,,,,
"Summary, FY94 BY $M",NA,NA,NA,NA,,,,,,,,,TRUE,,,,,Base Year 1994 $M,,
NA,RDT&E,PROC,MILCON,TOTAL,,,,,,,,,TRUE,CostVarianceAccount,,,,,,
"Summary, Current TY $M",NA,NA,NA,NA,,,,,,,,,TRUE,,,,,Then Year $M,,
Current Changes,NA,NA,NA,NA,NA,,,,,,,,TRUE,,,,,Current Changes,,
Subheader,,,,,,,,,,,,,TRUE,,,,,,,
RDT&E,BY,TY,,,,,,,,,,,TRUE,CostVarianceDetail,,Account,RDT&E,,,
16-F-04020_DOC_45_BMDS_DEC_2015_SAR,NA,NA,,,,,,,,,,,TRUE,,,,,,2015-12,
RDT&E $M,$M,NA,,,,,,,,,,,TRUE,,,Account,RDT&E,$M,,
BMDS-SAR_31_DEC_2011,NA,NA,,,,,,,,,,,TRUE,,,,,,2011-12,
BMDS_Decebmer_2012_SAR,NA,NA,NA,NA,NA,NA,NA,,,,,,TRUE,,,,,,2012-12,
14-F-0402-DOC_12_BMDSDecember2013,NA,NA,NA,NA,NA,NA,NA,,,,,,TRUE,,,,,,2013-12,
15-F-0504-BMDS_SAR__Dec_2014,NA,NA,,,,,,,,,,,TRUE,,,,,,2014-12,
Procurement,NA,NA,,,,,,,,,,,TRUE,,,Account,Procurement,,,
RDT&E $M,NA,NA,,,,,,,,,,,TRUE,,,Account,RDT&E,$M,,
Procurement $M,NA,NA,,,,,,,,,,,TRUE,,,Account,Procurement,$M,,
NA,$M,NA,,,,,,,,,,,TRUE,,,,,,,
1998_vol2.2summary - Feb 1997,NA,NA,NA,NA,NA,NA,NA,NA,NA,NA,,,TRUE,,,,,,1997-02,
RDT&E Budget Item Justification Sheet (R-2 Exhibit),NA,NA,NA,NA,NA,NA,NA,NA,NA,NA,,,TRUE,,,Account,RDT&E,,,
Budget Activity  5 - Engineering and Manufacturing Development,NA,NA,NA,NA,NA,NA,NA,NA,NA,NA,,,TRUE,,,BudgetActivity,RDT&E Budget Activity  5 - Engineering and Manufacturing Development,,,
COST (in thousands),FY 1996 Actual,FY 1997 Estimate,FY 1998 Estimate ,FY 1999 Estimate ,FY 2000 Estimate,FY 2001 Estimate,FY 2002 Estimate,FY 2003 Estimate,Cost to Complete,Total Cost,,,TRUE,FYDPcost6,,,,Then Year $T,,1996
1999_vol2.2summary - Feb 1998,NA,NA,NA,NA,NA,NA,NA,NA,NA,,,,TRUE,,,,,,1998-02,
Budget Activity 5 - Engineering and Manufacturing Development,NA,NA,NA,NA,NA,NA,NA,NA,NA,,,,TRUE,,,BudgetActivity,RDT&E Budget Activity  5 - Engineering and Manufacturing Development,,,
COST (in thousands),FY 1997 Actual,FY 1998 Estimate ,FY 1999 Estimate ,FY 2000 Estimate,FY 2001 Estimate,FY 2002 Estimate,FY 2003 Estimate,Cost to Complete,Total Cost,,,,TRUE,FYDPcost,,,,Then Year $T,,1997
2000_000oo_0604854A - Feb 1999,NA,NA,NA,NA,NA,NA,NA,NA,NA,,,,TRUE,,,,,,,
Other Program Funding Summary ,FY 1998,FY 1999,FY 2000,FY 2001,FY 2002,FY 2003,FY 2004,FY 2005,To Complete,Total Cost ,,,TRUE,FYDPcostExtraHist,,LineItem,Other Program Element,,,1998
2001_vol2.summary - Feb 2000,NA,NA,NA,NA,NA,NA,NA,NA,NA,,,,TRUE,,,,,,2000-02,
COST (in thousands),FY 1999 Actual,FY 2000 Estimate,FY 2001 Estimate,FY 2002 Estimate,FY 2003 Estimate,FY 2004 Estimate,FY 2005 Estimate,Cost to Complete,Total Cost,,,,TRUE,FYDPcost,,,,Then Year $T,,1999
COST (in thousands) ,FY 1999 Estimate,FY 2000 Estimate,FY 2001 Estimate,FY 2002 Estimate,FY 2003 Estimate,FY 2004 Estimate,FY 2005 Estimate,Cost to  Complete,Total Cost,,,,TRUE,FYDPcost,,,,Then Year $T,,1999
Other Program Funding Summary,Prior Year,FY 1999,FY 2000,FY2001,FY 2002,FY 2003,FY 2004,FY 2005,To Complete,Total Cost,,,TRUE,FYDPcostPriorOCO,,,,Then Year $T,,
2002_vol2.2summary - June 2001,NA,NA,NA,NA,NA,NA,NA,NA,NA,NA,,,TRUE,,,,,,2001-06,
COST (in thousands),FY 2000 Actual,FY 2001 Estimate,FY 2002 Estimate,FY 2003 Estimate,FY 2004 Estimate,FY 2005 Estimate,FY 2006 Estimate,Fy 2007 Estimate,Cost to Complete,Total Cost,,,TRUE,FYDPcost6,,,,Then Year $T,,2000
Other Program Funding Summary,FY 2000,FY2001,FY 2002,FY 2003,FY 2004,FY 2005,FY 2006,FY 2007,To Complete,Total Cost,,,TRUE,FYDPcost6,,LineItem,Other Program Element,Then Year $T,,2000
2003_vol2.2summary - Feb 2002,NA,NA,NA,NA,NA,NA,NA,NA,NA,,,,TRUE,,,,,,2002-02,
COST (in thousands),FY 2001 Actual,FY 2002 Estimate,FY 2003 Estimate,FY 2004 Estimate,FY 2005 Estimate,FY 2006 Estimate,Fy 2007 Estimate,Cost to Complete,Total Cost,,,,TRUE,FYDPcost,,,,Then Year $T,,2001
Other Program Funding Summary,FY2001,FY 2002,FY 2003,FY 2004,FY 2005,FY 2006,FY 2007,To Complete,Total Cost,,,,TRUE,FYDPcost,,LineItem,Other Program Element,Then Year $T,,2001
2004_vol2.2summary - Feb 2003,NA,NA,NA,NA,NA,NA,NA,NA,NA,NA,,,TRUE,,,,,,2003-02,
System Development and Demonstration,NA,NA,NA,NA,NA,NA,NA,NA,NA,NA,,,TRUE,,,BudgetAccount,RDT&E Budget Activity 5 - System Design and Development,,,
COST (in thousands),FY 2002 Actual,FY 2003 Estimate,FY 2004 Estimate,FY 2005 Estimate,FY 2006 Estimate,FY 2007 Estimate,FY 2008 Estimate,FY 2009 Estimate,Cost to Complete,Total Cost,,,TRUE,FYDPcost6,,,,Then Year $T,,2002
Other Program Funding Summary,FY 2002,FY 2003,FY 2004,FY 2005,FY 2006,FY 2007,FY 2008,FY 2009,Cost Complete,Total Cost,,,TRUE,FYDPcost,,LineItem,Other Program Element,Then Year $T,,2002
2005_vol2.2summary - Feb 2004,NA,NA,NA,NA,NA,NA,NA,NA,NA,,,,TRUE,,,,,,2004-02,
COST (in thousands),FY 2003 Actual,FY 2004 Estimate,FY 2005 Estimate,FY 2006 Estimate,FY 2007 Estimate,FY 2008 Estimate,FY 2009 Estimate,Cost to Complete,Total Cost,,,,TRUE,FYDPcost,,LineItem,Other Program Element,Then Year $T,,2003
2006_vol2.2summary - Feb 2005,NA,NA,NA,NA,NA,NA,NA,NA,NA,,,,TRUE,,,,,,2005-02,
Budget Activity 5 - System Development and Demonstration ,NA,NA,NA,NA,NA,NA,NA,NA,NA,,,,TRUE,,,BudgetAccount,RDT&E Budget Activity 5 - System Design and Development,,,
COST (in thousands) ,FY 2004 Actual,FY 2005 Actual ,FY 2006 Actual,FY 2007 Actual ,FY 2008 Actual,FY 2009 Actual ,FY 2010 Actual,Cost to Complete,Total Cost ,,,,TRUE,FYDPcost,,,,Then Year $T,,2004
2007_vol2.2summary - Feb 2006,NA,NA,NA,NA,NA,NA,NA,NA,NA,,,,TRUE,,,,,,2006-02,
COST (in thousands) ,FY 2005 Actual,FY 2006 Actual,FY 2007 Actual,FY 2008 Actual,FY 2009 Actual,FY 2010 Actual,FY 2011 Actual,Cost to Complete,Total Cost ,,,,TRUE,FYDPcost,,,,Then Year $T,,2005
1998-02-01,NA,NA,NA,NA,NA,NA,NA,NA,NA,,,,TRUE,,,,,,1998-02,
Appropriation / Budget Activity/Serial No:,NA,NA,NA,NA,NA,NA,NA,NA,NA,,,,TRUE,,,,,,,
"Procurement, Marine Corps (1109) / Weapons and Tracked Combat Vehicles (2) / 009",NA,NA,NA,NA,NA,NA,NA,NA,NA,,,,TRUE,,,BudgetAccount,"Procurement, Marine Corps (1109) / Weapons and Tracked Combat Vehicles (2) / 009",,,
NA,FY 1997,FY 1998,FY 1999,FY 2000,FY 2001,FY 2002,FY 2003,To Complete,Total Prog,,,,TRUE,FYDPcost,,,,,,1997
Other Program Funding Summary,NA,NA,NA,NA,NA,NA,NA,NA,NA,NA,,,TRUE,,,LineItem,Other Program Funding Summary,,,
1997-02-01,NA,NA,NA,NA,NA,NA,NA,NA,NA,NA,,,TRUE,,,,,,1997-02,
Appropriation/Budget Activity,Program Element Name and No,NA,NA,NA,NA,NA,NA,NA,NA,NA,,,TRUE,,,,,,,
"RDT&E, N /BA-4 Demonstration Validation",0603635M Marine Corps Ground Combat/Supporting Arms Systems,NA,NA,NA,NA,NA,NA,NA,NA,NA,,,TRUE,,0603635M,Budget Account,RDT&E Budget Activity 4: Demonstration Validation,,,
Cost ($ in Millions),FY 1996 Actual,FY 1997 Estimate,FY 1998 Estimate ,FY 1999 Estimate,FY 2000 Estimate,FY 2001 Estimate,FY 2002 Estimate ,FY 2003 Estimate,Cost to Complete,Total Cost,,,TRUE,FYDPcost6,,,,,,1996
1998-02-01,NA,NA,NA,NA,NA,NA,NA,NA,NA,,,,TRUE,,,,,,1998-02,
Appropriation/Budget Activity,Program Element Name and No,NA,NA,NA,NA,NA,NA,NA,NA,,,,TRUE,,,,,,,
Cost ($ in Millions),FY 1997 Actual,FY 1998 Estimate,FY 1999 Estimate ,FY 2000 Estimate,FY 2001 Estimate,FY 2002 Estimate,FY 2003 Estimate ,Cost to Complete,Total Program,,,,TRUE,FYDPcost,,,,,,1997
Line Item No. & Name,FY 1997 Actual,FY 1998 Estimate,FY 1999 Estimate ,FY 2000 Estimate,FY 2001 Estimate,FY 2002 Estimate,FY 2003 Estimate ,Cost to Complete,Total Program,,,,TRUE,FYDPcost,,,,,,1997
1999-02-01,NA,NA,NA,NA,NA,NA,NA,NA,NA,NA,,,TRUE,,,,,,1999-02,
Demonstration/Validation ,0603635M Marine Corps Ground Combat/Supporting Arms Systems,NA,NA,NA,NA,NA,NA,NA,NA,NA,,,TRUE,,0603635M,,,,,
Cost ($ in Millions),FY 1998 Actual,FY 1999 Estimate,FY 2000 Estimate ,FY 2001 Estimate,FY 2002 Estimate,FY 2003 Estimate,FY 2004 Estimate ,FY 2005 Estimate,Cost to Complete,Total Cost,,,TRUE,FYDPcost6,,,,,,1998
Line Item No. & Name,FY 1998 Actual,FY 1999,FY 2000,FY 2001,FY 2002,FY 2003,FY 2004,FY 2005,To Complete,Total Cost ,,,TRUE,FYDPcost6,,,,,,1998
2000-02-01,NA,NA,NA,NA,NA,NA,NA,NA,NA,,,,TRUE,,,,,,2000-02,
Cost ($ in Millions),FY 1999 Actual,FY 2000 Estimate,FY 2001 Estimate,FY 2002 Estimate,FY 2003 Estimate ,FY 2004 Estimate,FY 2005 Estimate,Cost to Complete,Total Cost,,,,TRUE,FYDPcost,,,,,,1999
Line Item No. & Name,FY 1998,FY 1999,FY 2000,FY 2001,FY 2002,FY 2003,FY 2004,FY2005,To Complete,Total Cost,,,TRUE,FYDPcostPrior,,,,,,1998
Cost ($ in Millions),FY 2000,FY 2001,FY 2002,FY 2003,FY 2004,FY2005,FY2006,FY 2007,Cost to Complete,Total Program,,,TRUE,FYDPcost6,,,,,,2000
Line Item No. & Name,FY 2000,FY 2001,FY 2002,FY 2003,FY 2004,FY2005,FY2006,FY 2007,Cost to Complete,Total Program,,,TRUE,FYDPcost6,,,,,,2000
2001-06-01,NA,NA,NA,NA,NA,NA,NA,NA,NA,NA,,,TRUE,,,,,,2001-06,
2002-02-01,NA,NA,NA,NA,NA,NA,NA,NA,NA,,,,TRUE,,,,,,2002-02,
Cost ($ in Millions),FY 2001,FY 2002,FY 2003,FY 2004,FY2005,FY2006,FY 2007,Cost to Complete,Total Program,,,,TRUE,FYDPcost,,,,,,2001
Line Item No. & Name,NA,FY 2002,FY 2003,FY 2004,FY2005,FY2006,FY 2007,Cost to Complete,Total Program,,,,TRUE,FYDPcost,,,,,,
2003-02-01,NA,NA,NA,NA,NA,NA,NA,NA,NA,NA,,,TRUE,,,,,,2003-02,
Cost ($ in Millions),FY 2002,FY 2003,FY 2004,FY2005,FY2006,FY 2007,FY 2008,FY 2009,Cost to Complete,Total Program,,,TRUE,FYDPcost6,,,,,,2002
Line Item No. & Name,FY 2002,FY 2003,FY 2004,FY2005,FY2006,FY 2007,FY 2008,FY 2009,Cost to Complete,Total Program,,,TRUE,FYDPcost6,,,,,,2002
"Procurement, Marine Corps (1109) ",0206211M Divisions (Marine) ,NA,NA,NA,NA,NA,NA,NA,NA,NA,,,TRUE,,0206211M,Account,Procurement,,,
NA,Prior Years,FY 2003 ,FY 2004,FY 2005,FY 2006,FY 2007,FY 2008,FY 2009,To Complete ,Total Prog,,,TRUE,FYDPcost6,,,,,,
2004-02-01,NA,NA,NA,NA,NA,NA,NA,NA,NA,NA,,,TRUE,,,,,,2004-02,
Line Item No. & Name,FY 1996 Actual,FY 1997 Estimate,FY 1998 Estimate ,FY 1999 Estimate,FY 2000 Estimate,FY 2001 Estimate,FY 2002 Estimate ,FY 2003 Estimate,Cost to Complete,Total Cost,,,TRUE,FYDPcost6,,,,,,1996
MILCON,$M,NA,,,,,,,,,,,TRUE,,,Account,MILCON,,,
2011,NA,NA,NA,NA,,,,,,,,,TRUE,,,,,,2011,
NA,Start,NA,End,NA,,,,,,,,,TRUE,ScheduleEvents,,,,,,
Events,Quarter,Year,Quarter,Year,,,,,,,,,TRUE,ScheduleEvents,,,,,,
2015,NA,NA,NA,NA,,,,,,,,,TRUE,,,,,,2015,
2014,,,,,,,,,,,,,TRUE,,,,,,2014,
2013,NA,NA,NA,NA,,,,,,,,,TRUE,,,,,,2013,
2012 - Defense Wide,NA,NA,NA,NA,,,,,,,,,TRUE,,,Agency,Defense-Wide,,2012,
2012 - USAF,NA,NA,NA,NA,,,,,,,,,TRUE,,,Agency,Air Force,,2012,
2009-12-01,NA,NA,NA,NA,,,,,,,,,TRUE,,,,,,2009-12,
Milestones,SAR Baseline Dev Est,Current APB Objective/Threshold,NA,Current Estimate,,,,,,,,,TRUE,ScheduleSummary,,,,,,
2010-12-01,NA,NA,NA,NA,,,,,,,,,TRUE,,,,,,2010-12,
2011-12-01,NA,NA,NA,NA,,,,,,,,,TRUE,,,,,,2011-12,
Milestones,SAR Baseline Dev Est,Current APB Development Objective/Threshold,NA,Current Estimate,,,,,,,,,TRUE,ScheduleSummary,,,,,,
2012-12-01,NA,NA,NA,NA,,,,,,,,,TRUE,,,,,,2012-12,
2013-12-01,NA,NA,NA,NA,,,,,,,,,TRUE,,,,,,2013-12,
2014-12-01,NA,NA,NA,NA,,,,,,,,,TRUE,,,,,,2014-12,
Events,SAR Baseline Development Estimate,Current APB Development Objective/Threshold,NA,Current Estimate,,,,,,,,,TRUE,ScheduleSummary,,,,,,
2003 USMC,NA,NA,NA,NA,NA,NA,NA,NA,,,,,TRUE,,,Agency,USMC,,2003,
NA,FY 2002,FY 2003,FY 2004,FY 2005,FY 2006,FY 2007,FY 2008,FY 2009,,,,,TRUE,8yearSequenceSchedule,,,,,,2002
1997 - Army,NA,NA,NA,NA,,,,,,,,,TRUE,,,Agency,Army,,1997,
Budget Activity 5 - Engineering and Manufacturing Development,NA,NA,NA,NA,,,,,,,,,TRUE,,,BudgetAccount,RDT&E Budget Activity 5 - Engineering and Manufacturing,,,
Schedule Profile - Project D509,FY 1996,FY 1997,FY 1998,FY 1999,,,,,,,,,TRUE,4yearSequenceSchedule,,,,,,1996
Schedule Profile - Project D509,FY 1996,FY 1997,FY 1998,FY 1999,FY 2000,FY 2001,FY 2002,FY 2003,FY 2004,FY 2005,,,TRUE,10yearSequenceSchedule,,,,,,1996
1999 - Army,NA,NA,NA,NA,NA,NA,NA,NA,NA,NA,,,TRUE,,,Agency,Army,,1999,
2000 - Army,NA,NA,NA,NA,NA,NA,NA,NA,NA,NA,,,TRUE,,,Agency,Army,,2000,
Schedule Profile - Project D509,FY 1996,FY 1997,FY 1998,FY 1999,FY 2000,FY 2001,FY 2002,FY 2003,FY 2004,FY 2005,,,TRUE,10yearSequenceSchedule,,,,,,1996
2001 - Army,NA,NA,NA,NA,NA,NA,NA,NA,,,,,TRUE,,,Agency,Army,,2001,
Schedule Profile - Project D509,FY 2000,FY 2001,FY 2002,FY 2003,FY 2004,FY 2005,FY 2006,FY 2007,,,,,TRUE,8yearSequenceSchedule,,,,,,2000
2002 - Army,NA,NA,NA,NA,NA,NA,NA,NA,,,,,TRUE,,,Agency,Army,,2002,
Schedule Profile - Project D509,FY 2001,FY 2002,FY 2003,FY 2004,FY 2005,FY 2006,FY 2007,,,,,,TRUE,7yearSequenceSchedule,,,,,,2001
2003 - Army,NA,NA,NA,NA,NA,NA,NA,,,,,,TRUE,,,Agency,Army,,2003,
Schedule Profile - Project D509,FY 2002,FY 2003,FY 2004,FY 2005,FY 2006,FY 2007,FY 2008,FY 2009,,,,,TRUE,8yearSequenceSchedule,,,,,,2002
2004 - Army,NA,NA,NA,NA,NA,NA,NA,,,,,,TRUE,,,Agency,Army,,2004,
Schedule Profile - Project D509,FY 2003,FY 2004,FY 2005,FY 2006,FY 2007,FY 2008,FY 2009,,,,,,TRUE,7yearSequenceSchedule,,,,,,2003
2007 - Army,NA,NA,NA,NA,NA,NA,,,,,,,TRUE,,,Agency,Army,,2007,
Schedule Profile - Project D509,FY 2006,FY 2007,FY 2008,FY 2009,FY 2010,FY 2011,,,,,,,TRUE,6yearSequenceSchedule,,,,,,2006
2008 - Army,NA,NA,NA,NA,NA,,,,,,,,TRUE,,,Agency,Army,,2008,
Schedule Profile - Project D509,FY 2007,FY 2008,FY 2009,FY 2010,FY 2011,,,,,,,,TRUE,5yearSequenceSchedule,,,,,,2007
2009 - Army,NA,NA,NA,NA,,,,,,,,,TRUE,,,Agency,Army,,2009,
Schedule Profile - Project D509,FY 2008,FY 2009,FY 2010,FY 2011,,,,,,,,,TRUE,4yearSequenceSchedule,,,,,,2008
2010 - Army,NA,NA,NA,NA,,,,,,,,,TRUE,,,Agency,Army,,2010,
Schedule Profile - Project D509,FY 2009,FY 2010,FY 2011,FY 2012,,,,,,,,,TRUE,4yearSequenceSchedule,,,,,,2009
2016 - Army,Start,NA,End,NA,,,,,,,,,TRUE,ScheduleEvents,,Agency,Army,,2016,
Budget Activity 5 - Engineering and Manufacturing Development,Quarter,Year,Quarter,Year,,,,,,,,,TRUE,ScheduleEvents,,Agency,Army,,,
2015 - Army,Start,NA,End,NA,,,,,,,,,TRUE,ScheduleEvents,,Agency,Army,,2015,
2010,NA,NA,NA,NA,NA,NA,NA,,,,,,TRUE,,,,,,2010,
Project: MD09 SM-3 BLOCK IIA Co-Development,NA,NA,NA,NA,NA,NA,NA,,,,,,TRUE,,,,,,,
"Exhibit R-4, RDT&E",FY 2009,FY 2010,FY 2011,FY 2012,FY 2013,FY 2014,FY 2015,,,,,,TRUE,7yearSequenceSchedule,,,,,,2009
NA,FY 2013,FY 2014,FY 2015,FY 2016,FY 2017,FY 2018,FY 2019,,,,,,TRUE,7yearSequenceSchedule,,,,,,2013
NA,FY 2012,FY 2013,FY 2014,FY 2015,FY 2016,FY 2017,FY 2018,,,,,,TRUE,7yearSequenceSchedule,,,,,,2012
2003 USMC,NA,NA,NA,NA,NA,NA,NA,NA,,,,,,,,Agency,USMC,,2003,
NA,FY 2002,FY 2003,FY 2004,FY 2005,FY 2006,FY 2007,FY 2008,FY 2009,,,,,TRUE,8yearSequenceSchedule,,,,,,2002
NA,FY 2014,FY 2015,FY 2016,FY 2017,FY 2018,FY 2019,FY 2020,,,,,,TRUE,7yearSequenceSchedule,,,,,,2014
2011,Start,NA,End,NA,,,,,,,,,TRUE,ScheduleEvents,,,,,2011,
NA,Quarter,Year,Quarter,Year,,,,,,,,,TRUE,ScheduleEvents,,,,,,
2012,Start,NA,End,NA,,,,,,,,,TRUE,ScheduleEvents,,,,,2012,
NA,Quarter,Year,Quarter,Year,,,,,,,,,TRUE,ScheduleEvents,,,,,,
FIRE UNIT,NA,NA,NA,NA,,,,,,,,,TRUE,,FireUnit,,,,,
Acquisition Increment 1,NA,NA,NA,NA,,,,,,,,,TRUE,,,Increment,Acquisition Increment 1,,,
Acquisition Increment 2,NA,NA,NA,NA,,,,,,,,,TRUE,,,Increment,Acquisition Increment 2,,,
Acquisition Increment 3,NA,NA,NA,NA,,,,,,,,,TRUE,,,Increment,Acquisition Increment 3,,,
2002,NA,,,,,,,,,,,,TRUE,,,,,,2002,
Performance against approved in-service date,NA,,,,,,,,,,,,TRUE,NAOscheduleLong,,,,,,
NA,Date,,,,,,,,,,,,TRUE,,,,,,,
Reasons for variations from approved ISD,NA,NA,NA,,,,,,,,,,TRUE,NAOscheduleVariationDivided,,,,,,
Factor,Increase (months),Decrease (months),Explanation,,,,,,,,,,TRUE,NAOscheduleVariationDivided,,,,Months,,
Duration of Assessment Phase,NA,,,,,,,,,,,,TRUE,NAOassessmentDurationLong,,,,,,
ISD boundaries at Initial Gate and Main Gate Approvals,NA,NA,NA,,,,,,,,,,TRUE,NAOscheduleBoundaries,,,,,,
NA,Earliest,Most Likely,Latest Acceptable,,,,,,,,,,TRUE,NAOscheduleBoundaries,,,,,,
Reasons for Variation from approved ISD,NA,NA,NA,,,,,,,,,,TRUE,NAOscheduleVariationAggregated,,,,,,
Date,Variation (months),Factor,Explanation,,,,,,,,,,TRUE,NAOscheduleVariationAggregated,,,,Months,,
2003,NA,,,,,,,,,,,,TRUE,,,,,,2003,
2004,NA,,,,,,,,,,,,TRUE,,,,,,2004,
2005,NA,,,,,,,,,,,,TRUE,,,,,,2005,
2006,NA,,,,,,,,,,,,TRUE,,,,,,2006,
NA,Earliest,Budgeted For,Latest Acceptable,,,,,,,,,,TRUE,NAOscheduleBoundaries,,,,,,
2007,NA,,,,,,,,,,,,TRUE,,,,,,2007,
2008,NA,,,,,,,,,,,,TRUE,,,,,,2008,
Planned/Actual Boundaries for introduction of the capability,NA,NA,NA,,,,,,,,,,TRUE,NAOiocBoundaries,,,,,,
Description,Earliest Forecast / Approved,Budgeted For (Post-Main Investment Decision Projects only),Latest Forecast / Approved,,,,,,,,,,TRUE,NAOiocBoundaries,,,,,,
2009,NA,NA,NA,,,,,,,,,,TRUE,,,,,,2009,
Progress against approved Dates,NA,NA,NA,NA,,,,,,,,,TRUE,NAOdateProgress,,,,,,
Description,Approved Date,Actual / Forecast Date,Variation,In-Year Variation,,,,,,,,,TRUE,NAOdateProgress,,,,,,
Duration of the Assessment Phase,NA,NA,NA,,,,,,,,,,TRUE,NAOassessmentDurationWide,,,,,,
Description,Forecast / Actual Date of Main Gate Approval,Date of Initial Gate Approval,Length of Assessment Phase (Months),,,,,,,,,,TRUE,NAOassessmentDurationWide,,,,Months,,
2011,NA,NA,NA,,,,,,,,,,TRUE,,,,,,2011,
Timescale Variation,NA,NA,NA,,,,,,,,,,TRUE,,,,,,,
Actual Boundaries for In Service Date or Initial Operating Capability,NA,NA,NA,,,,,,,,,,TRUE,NAOiocBoundaries,,,,,,
Project/Increment Title,Earliest Approved,Budgeted For ,Latest Approved,,,,,,,,,,TRUE,NAOiocBoundaries,,,,,,
Length of the Assessment Phase,NA,NA,NA,,,,,,,,,,TRUE,NAOassessmentDurationWide,,,,,,
Project/Increment Title,Date of Initial Investment Decision Approval,Forecast / Actual Date of Main Investment Decision Approval,Length of Assessment Phase (Months),,,,,,,,,,TRUE,NAOassessmentDurationWide,,,,,,
2012,NA,NA,NA,,,,,,,,,,TRUE,,,,,,2012,
2002_wtcv G01700 - June 2001,NA,NA,NA,NA,NA,NA,NA,NA,NA,NA,NA,NA,TRUE,,G01700,BudgetAccount,"Procurement: Wheeled and Tracked Vehicles, Army",,2001-06,
Appropriations Budget Activity/Serial Number,NA,NA,NA,NA,NA,NA,NA,NA,NA,NA,NA,NA,TRUE,,,,,,,
"Procurement of W&TCV, Army /2/ Weapons and Other Combat Vehicles",NA,NA,NA,NA,NA,NA,NA,NA,NA,NA,NA,NA,TRUE,,,BudgetAccount,"Procurement of W&TCV, Army - 2 Weapons and Other Combat Vehicles",,,
NA,Prior Years,FY 1999,FY 2000,FY 2001,FY 2002,FY 2003,FY 2004,FY 2005,FY 2006,FY 2007,To Complete,Total Program,TRUE,FYDPprior9year,,,,,,1999
NA,FY 00,NA,NA,FY 01,NA,NA,FY 02,NA,NA,FY 03,NA,NA,TRUE,UnitCost4year,,,,,,2000
NA,Total Cost,Qty,Unit Cost,Total Cost,Qty,Unit Cost,Total Cost,Qty,Unit Cost,Total Cost,Qty,Unit Cost,TRUE,UnitCost4year,,,,,,
NA,$0 ,Each,$0 ,$0 ,Each,$0 ,$0 ,Each,$0 ,$0 ,Each,$0 ,TRUE,UnitCost4year,,,,,,
2003_wtcv G01700 - Feb 2002,NA,NA,NA,NA,NA,NA,NA,NA,NA,NA,NA,NA,TRUE,,G01700,BudgetAccount,"Procurement: Wheeled and Tracked Vehicles, Army",,2002-02,
2004_wctv G01700 Feb 2003,NA,NA,NA,NA,NA,NA,NA,NA,NA,NA,NA,NA,TRUE,,G01700,BudgetAccount,"Procurement: Wheeled and Tracked Vehicles, Army",,2003-02,
NA,Prior Years,FY 2001,FY 2002,FY 2003,FY 2004,FY 2005,FY 2006,FY 2007,FY 2008,FY 2009,To Complete,Total Program,TRUE,FYDPprior9year,,,,,,2001
2005_wctv G01700 Feb 2004,NA,NA,NA,NA,NA,NA,NA,NA,NA,NA,NA,NA,TRUE,,G01700,BudgetAccount,"Procurement: Wheeled and Tracked Vehicles, Army",,2004-02,
2006_wctv G01700 - Feb 2005,NA,NA,NA,NA,NA,NA,NA,NA,NA,NA,NA,NA,LW155 M777,,G01700,BudgetAccount,"Procurement: Wheeled and Tracked Vehicles, Army",,2005-02,
NA,Prior Years,FY 2003,FY 2004,FY 2005,FY 2006,FY 2007,FY 2008,FY 2009,FY 2010,FY 2011,To Complete,Total Program,TRUE,FYDPprior9year,,,,,,2003
2007_wctv G01700 Feb 2006,NA,NA,NA,NA,NA,NA,NA,NA,NA,NA,,,TRUE,,G01700,BudgetAccount,"Procurement: Wheeled and Tracked Vehicles, Army",,2006-02,
NA,Prior Years,FY 2005,FY 2006,FY 2007,FY 2008,FY 2009,FY 2010,FY 2011,To Complete,Total Program,,,TRUE,FYDPprior7year,,,,,,2005
WTCV Cost Elements,FY 05,NA,NA,FY 06,NA,NA,FY 07,NA,NA,,,,TRUE,UnitCost3year,,BudgetAccount,"Procurement: Wheeled and Tracked Vehicles, Army",,,2005
NA,Total Cost,Qty,Unit Cost,Total Cost,Qty,Unit Cost,Total Cost,Qty,Unit Cost,,,,TRUE,UnitCost3year,,,,,,
2008_wctv G01700 - Feb 2007,NA,NA,NA,NA,NA,NA,NA,NA,NA,NA,NA,,TRUE,,G01700,BudgetAccount,"Procurement: Wheeled and Tracked Vehicles, Army",,2007-02,
NA,Prior Years,FY 2006,FY 2007,FY 2008,FY 2009,FY 2010,FY 2011,FY 2012,FY 2013,To Complete,Total Program,,TRUE,FYDPprior8year,,,,,,2006
2009_wctv G01700 - Feb 2008,NA,NA,NA,NA,NA,NA,NA,NA,NA,NA,,,TRUE,,G01700,BudgetAccount,"Procurement: Wheeled and Tracked Vehicles, Army",,2008-02,
NA,Prior Years,FY 2007,FY 2008,FY 2009,FY 2010,FY 2011,FY 2012,FY 2013,To Complete,Total Program,,,TRUE,FYDPprior7year,,,,,,2007
2010_wctv G01700 - May 2009,NA,NA,NA,NA,NA,NA,,,,,,,TRUE,,G01700,BudgetAccount,"Procurement: Wheeled and Tracked Vehicles, Army",,2009-02,
NA,Prior Years,FY 2008,FY 2009,FY 2010,To Complete,Total Program,,,,,,,TRUE,FYDPprior3year,,,,,,2008
2011_wctv G01700 - Feb 2010,NA,NA,NA,NA,NA,NA,NA,NA,NA,NA,,,TRUE,,G01700,BudgetAccount,"Procurement: Wheeled and Tracked Vehicles, Army",,2010-02,
NA,Prior Years,FY 2009,FY 2010,FY 2011,FY 2012,FY 2013,FY 2014,FY 2015,To Complete,Total Prog,,,TRUE,FYDPprior7year,,,,,,2009
2012_wctv G01700 - 2011,NA,NA,NA,NA,NA,NA,NA,NA,NA,NA,NA,NA,TRUE,,G01700,BudgetAccount,"Procurement: Wheeled and Tracked Vehicles, Army",,2011-02,
NA,Prior Years,FY 2010,FY 2011,FY 2012 Base,FY 2012 OCO,FY 2012 Total,FY 2013,FY 2014,FY 2015,FY 2016,To Complete,Total Prog,TRUE,FYDPprior7yearOCO,,,,,,2010
2014_wctv G01700 - April 2013,NA,NA,NA,NA,NA,NA,NA,NA,NA,NA,NA,NA,TRUE,,G01700,BudgetAccount,"Procurement: Wheeled and Tracked Vehicles, Army",,2013-04,
NA,Prior Years,FY 2012,FY 2013,FY 2014 Base,FY 2014 OCO,FY 2014 Total,Fy 2015,FY 2016,FY 2017,FY 2018,To Complete,Total Prog,TRUE,FYDPprior7yearOCO,,,,,,2012
2015_wctv G01700 - March 2014,NA,NA,NA,NA,NA,NA,NA,NA,NA,NA,NA,NA,TRUE,,G01700,BudgetAccount,"Procurement: Wheeled and Tracked Vehicles, Army",,2014-03,
NA,Prior Years,FY 2013,FY 2014,FY 2015 Base,FY 2015 OCO,FY 2015 Total,FY 2016,FY 2017,FY 2018,FY 2019,To Complete,Total Prog,TRUE,FYDPprior7yearOCO,,,,,,2013
NA,$0 ,Units,$0 ,$0 ,Units,$0 ,$0 ,Units,$0 ,,,,TRUE,UnitCost3year,,,,,,
NA,$0 ,Each,$0 ,$0 ,Each,$0 ,$0 ,Each,$0 ,$0 ,Each,$0 ,TRUE,UnitCost4year,,,,,,
